video_path,label,split,source_dataset,left_knee_angle_mean,left_knee_angle_std,left_knee_angle_min,left_knee_angle_max,left_knee_angle_range,left_knee_angle_median,left_knee_angle_q1,left_knee_angle_q3,right_knee_angle_mean,right_knee_angle_std,right_knee_angle_min,right_knee_angle_max,right_knee_angle_range,right_knee_angle_median,right_knee_angle_q1,right_knee_angle_q3,left_hip_angle_mean,left_hip_angle_std,left_hip_angle_min,left_hip_angle_max,left_hip_angle_range,left_hip_angle_median,left_hip_angle_q1,left_hip_angle_q3,right_hip_angle_mean,right_hip_angle_std,right_hip_angle_min,right_hip_angle_max,right_hip_angle_range,right_hip_angle_median,right_hip_angle_q1,right_hip_angle_q3,trunk_angle_mean,trunk_angle_std,trunk_angle_min,trunk_angle_max,trunk_angle_range,trunk_angle_median,trunk_angle_q1,trunk_angle_q3,knee_angle_asymmetry,hip_angle_asymmetry,min_knee_angle,max_trunk_angle,trunk_angle_range,estimated_depth_proxy
data/raw/custom_videos/squat_correct/squat_correct_001.mp4,squat_correct,validation,custom_squat_videos,98.11696428571427,48.30953621179492,51.0,178.53,127.53,70.69999999999999,57.2725,149.9175,102.53374999999998,45.303111414058996,59.27,179.88,120.60999999999999,81.945,63.6575,153.8975,74.7982142857143,57.012053929320906,25.09,178.4,153.31,44.989999999999995,26.9275,126.92,73.12205357142857,52.96926368083653,24.64,174.61,149.97000000000003,46.035,27.335,128.9225,49.019642857142856,24.94441864026942,0.09,68.74,68.64999999999999,64.09,30.145,67.765,5.178928571428572,5.556517857142857,51.0,68.74,68.64999999999999,129.0
data/raw/custom_videos/squat_correct/squat_correct_002.mp4,squat_correct,validation,custom_squat_videos,88.13194029850744,26.9355372118686,60.84,178.09,117.25,72.94,71.44999999999999,98.605,87.67134328358209,23.95985815219283,3.1,173.19,170.09,77.83,75.28999999999999,97.185,102.37701492537312,23.87220234541993,4.58,162.86,158.28,92.14,90.38499999999999,116.09,80.80447761194029,20.08289591441434,40.21,158.23,118.01999999999998,70.87,69.98,88.365,22.048059701492534,5.417722504038398,0.15,31.53,31.380000000000003,24.61,20.015,25.244999999999997,9.710447761194033,23.370746268656713,3.1,31.53,31.380000000000003,176.9
data/raw/custom_videos/squat_correct/squat_correct_003.mp4,squat_correct,train_like_reference,custom_squat_videos,95.69095238095237,35.37681265149087,49.9,162.09,112.19,91.6,61.01,131.49,98.01714285714284,17.142747888540743,80.74,145.45,64.71,95.88,81.96,106.55,111.30133333333333,24.653027286982393,86.11,164.05,77.94000000000001,102.05,88.43,134.96,91.30304761904762,19.07562064764789,70.96,134.01,63.05,85.38,73.2,109.22,23.954952380952385,6.086517829058477,11.28,42.42,31.14,25.32,20.44,25.96,20.16847619047619,19.998285714285714,49.9,42.42,31.14,130.1
data/raw/custom_videos/squat_correct/squat_correct_004.mp4,squat_correct,train_like_reference,custom_squat_videos,91.27931249999999,56.666156677970875,27.68,170.75,143.07,82.57,31.2025,150.055,97.2166875,51.73761710208873,37.39,168.77,131.38,89.205,40.985,149.0025,98.9593125,50.47479429281851,41.02,179.13,138.10999999999999,90.08,45.287499999999994,151.01,92.625,47.511133537308915,38.91,163.28,124.37,80.42,42.572500000000005,148.36,26.578062499999998,19.871655457487524,0.39,48.28,47.89,36.065,2.505,46.32,7.41225,7.4248125,27.68,48.28,47.89,152.32
data/raw/custom_videos/squat_correct/squat_correct_005.mp4,squat_correct,train_like_reference,custom_squat_videos,149.05605042016805,35.791529823268164,56.56,179.83,123.27000000000001,163.44,133.585,175.32,123.45630252100838,40.48299993586988,62.92,179.47,116.55,118.92,85.06,166.02499999999998,132.83504201680674,30.512564015719175,46.4,156.6,110.19999999999999,147.81,124.89500000000001,151.32999999999998,112.3309243697479,34.07699342163485,56.67,176.27,119.60000000000001,110.33,79.185,147.94,12.09890756302521,13.09885021510827,0.04,51.09,51.050000000000004,10.04,3.2300000000000004,14.530000000000001,27.291008403361346,26.491008403361352,56.56,51.09,51.050000000000004,123.44
data/raw/custom_videos/squat_correct/squat_correct_006.mp4,squat_correct,train_like_reference,custom_squat_videos,78.90743362831857,16.087369023128137,66.32,158.97,92.65,74.47,72.18,76.0,78.22946902654866,14.78082043783133,68.49,138.03,69.54,72.65,71.52,73.97,40.1137168141593,19.104490793689777,29.09,148.22,119.13,34.56,31.59,36.62,40.230088495575224,16.537490927793698,30.64,126.58,95.94,35.13,33.51,35.91,66.80300884955751,7.288052276916798,21.82,70.74,48.919999999999995,68.86,67.14,69.96,2.710530973451327,1.6115929203539823,66.32,70.74,48.919999999999995,113.68
data/raw/custom_videos/squat_correct/squat_correct_007.mp4,squat_correct,train_like_reference,custom_squat_videos,172.3675806451613,8.877514852320651,111.98,179.96,67.98,173.3,170.7175,176.6875,114.8282258064516,35.0488560636202,78.75,179.64,100.88999999999999,100.77,84.05499999999999,142.58499999999998,158.39016129032262,13.423361375570083,88.23,170.72,82.49,161.70499999999998,155.14749999999998,166.3725,104.81564516129033,29.844116112212983,71.56,179.91,108.35,94.66,78.4525,129.11,13.866129032258064,9.226970871701159,0.32,55.45,55.13,14.415,7.04,18.825,58.755806451612905,57.5158064516129,78.75,55.45,55.13,101.25
data/raw/custom_videos/squat_correct/squat_correct_008.mp4,squat_correct,train_like_reference,custom_squat_videos,109.99571830985916,47.75156139300522,54.42,179.96,125.54,102.59,58.505,160.585,94.54295774647888,47.318303554245645,42.58,179.88,137.3,67.01,58.945,139.08499999999998,105.94059154929579,50.19562412822357,43.34,179.87,136.53,101.66,50.230000000000004,162.82,88.24492957746479,45.06055265795251,41.33,179.62,138.29000000000002,68.68,48.519999999999996,130.635,34.040140845070425,18.392784124962883,0.2,56.73,56.529999999999994,38.08,16.310000000000002,53.805,18.626450704225356,18.416281690140845,42.58,56.73,56.529999999999994,137.42000000000002
data/raw/custom_videos/squat_correct/squat_correct_009.mp4,squat_correct,holdout_test,custom_squat_videos,144.48790209790212,22.724234155993667,77.8,179.29,101.49,147.41,130.065,161.17000000000002,139.7830769230769,22.995385588519976,56.9,178.87,121.97,145.83,125.39,154.84,134.19944055944055,23.360199544608978,89.17,179.51,90.33999999999999,136.45,112.635,152.235,128.0325174825175,30.094530424887004,71.93,179.06,107.13,135.21,98.82,153.03,23.015524475524476,8.314798054250469,7.66,47.1,39.44,22.27,16.22,26.770000000000003,16.891258741258742,17.626783216783217,56.9,47.1,39.44,123.1
data/raw/custom_videos/squat_knee_valgus/squat_knee_valgus_002.mp4,squat_knee_valgus,validation,custom_squat_videos,95.85724137931034,41.90578475387721,62.71,174.94,112.22999999999999,66.925,64.2875,133.79,93.18137931034485,41.26048328432574,60.36,168.08,107.72000000000001,66.84,61.475,124.07249999999999,88.36379310344827,48.75645901782854,48.06,172.76,124.69999999999999,55.855000000000004,49.71,136.28,88.74827586206897,46.94485900162574,50.65,170.33,119.68,56.455,52.277499999999996,130.2225,40.974827586206885,20.638005971690067,6.31,58.33,52.019999999999996,54.635,20.14,57.82,2.7065517241379307,2.5017241379310318,60.36,58.33,52.019999999999996,119.64
data/raw/custom_videos/squat_shallow_depth/squat_shallow_depth_001.mp4,squat_shallow_depth,validation,custom_squat_videos,169.82647058823528,20.119965358584682,1.6,179.97,178.37,173.1,167.91500000000002,177.365,144.98630252100835,35.36961718681861,20.96,179.87,158.91,163.14,114.24000000000001,173.29500000000002,149.19193277310924,9.469879918782118,87.15,164.16,77.00999999999999,149.43,143.565,155.84,132.1746218487395,24.4532938026389,86.38,168.72,82.34,145.75,109.975,152.425,8.34747899159664,8.06750887987547,0.04,55.73,55.69,6.75,3.46,10.815000000000001,27.195462184873943,26.057142857142857,1.6,55.73,55.69,178.4
data/raw/custom_videos/squat_shallow_depth/squat_shallow_depth_002.mp4,squat_shallow_depth,holdout_test,custom_squat_videos,163.43540540540536,5.4441943263143635,156.72,174.68,17.960000000000008,162.97,158.07,168.11,120.8932432432432,24.255921545509537,94.25,175.57,81.32,114.38,99.32,135.57,166.99405405405403,5.9104719066450455,154.94,173.57,18.629999999999995,167.58,162.46,173.38,118.52810810810811,16.110804472312033,101.51,154.02,52.510000000000005,113.54,104.09,129.9,5.0200000000000005,2.7086178783303505,0.12,8.05,7.930000000000001,5.61,2.94,7.66,42.74216216216216,48.46594594594594,94.25,8.05,7.930000000000001,85.75
data/raw/custom_videos/squat_trunk_lean/squat_trunk_lean_001.mp4,squat_trunk_lean,validation,custom_squat_videos,173.45824175824177,7.931288103109103,121.72,179.98,58.25999999999999,175.66,170.54,178.165,153.83626373626373,26.650661194129675,92.1,179.66,87.56,165.8,134.59,175.36,165.6086813186813,11.444123325997497,105.29,179.97,74.67999999999999,167.99,157.85,174.125,126.53615384615385,36.40930305489744,50.8,165.18,114.38000000000001,144.23,94.64500000000001,158.235,13.642637362637362,13.599020313385768,0.03,41.5,41.47,8.98,1.35,24.674999999999997,21.07010989010989,41.15362637362637,92.1,41.5,41.47,87.9
data/raw/custom_videos/squat_trunk_lean/squat_trunk_lean_002.mp4,squat_trunk_lean,train_like_reference,custom_squat_videos,139.36567901234568,40.444291756069276,0.45,172.15,171.70000000000002,151.03,140.79,163.57,119.69061728395063,42.88269101289994,15.54,179.77,164.23000000000002,119.51,82.85,163.57,115.56876543209879,39.17596833228425,4.7,178.98,174.28,113.22,84.85,145.8,71.35999999999999,39.7206853471141,23.37,162.19,138.82,59.62,39.14,99.62,55.37814814814815,25.2040236407157,1.47,87.98,86.51,59.27,45.41,78.24,26.212839506172838,48.62753086419753,0.45,87.98,86.51,179.55
data/raw/custom_videos/squat_trunk_lean/squat_trunk_lean_003.mp4,squat_trunk_lean,train_like_reference,custom_squat_videos,100.62454081632653,55.691514992286656,42.85,179.34,136.49,65.67,48.3675,161.5125,115.07867346938777,50.33191699755216,57.6,179.93,122.33000000000001,95.16,67.03750000000001,175.5125,100.73525510204082,56.42650245245186,40.77,171.9,131.13,71.18,47.7425,167.3025,110.01469387755103,46.01619218572562,60.13,178.92,118.78999999999999,99.91499999999999,63.305,156.815,31.883928571428573,23.703947905381085,0.36,58.43,58.07,42.325,5.1000000000000005,54.7275,14.511581632653064,16.459336734693878,42.85,58.43,58.07,137.15
data/raw/custom_videos/squat_trunk_lean/squat_trunk_lean_004.mp4,squat_trunk_lean,holdout_test,custom_squat_videos,169.7176119402985,13.453077780190577,132.17,179.98,47.81,176.52,167.435,178.28,158.06805970149253,27.01739551500748,101.66,179.73,78.07,170.9,134.27,178.165,150.17761194029853,9.027627262944756,128.21,178.38,50.16999999999999,147.94,144.89499999999998,153.93,124.87492537313435,35.7531713392718,50.91,154.85,103.94,143.67,94.32,152.265,12.212835820895522,14.765896448515042,0.05,46.62,46.57,3.21,2.15,25.810000000000002,12.612238805970149,30.64776119402985,101.66,46.62,46.57,78.34
