video_path,label,split,source_dataset,source_type,original_label,augmented_label,manual_expected_reps,manual_rep_count_validated,left_knee_angle_mean,left_knee_angle_std,left_knee_angle_min,left_knee_angle_max,left_knee_angle_range,left_knee_angle_median,left_knee_angle_q1,left_knee_angle_q3,right_knee_angle_mean,right_knee_angle_std,right_knee_angle_min,right_knee_angle_max,right_knee_angle_range,right_knee_angle_median,right_knee_angle_q1,right_knee_angle_q3,left_hip_angle_mean,left_hip_angle_std,left_hip_angle_min,left_hip_angle_max,left_hip_angle_range,left_hip_angle_median,left_hip_angle_q1,left_hip_angle_q3,right_hip_angle_mean,right_hip_angle_std,right_hip_angle_min,right_hip_angle_max,right_hip_angle_range,right_hip_angle_median,right_hip_angle_q1,right_hip_angle_q3,trunk_angle_mean,trunk_angle_std,trunk_angle_min,trunk_angle_max,trunk_angle_range,trunk_angle_median,trunk_angle_q1,trunk_angle_q3,knee_angle_asymmetry,hip_angle_asymmetry,min_knee_angle,max_trunk_angle,estimated_depth_proxy
data/raw/custom_videos/squat_correct/squat_correct_001.mp4,squat_correct,validation,custom_squat_videos,real,squat_correct,,,False,98.11696428571427,48.30953621179492,51.0,178.53,127.53,70.69999999999999,57.2725,149.9175,102.53374999999998,45.303111414058996,59.27,179.88,120.60999999999999,81.945,63.6575,153.8975,74.7982142857143,57.012053929320906,25.09,178.4,153.31,44.989999999999995,26.9275,126.92,73.12205357142857,52.96926368083653,24.64,174.61,149.97000000000003,46.035,27.335,128.9225,49.019642857142856,24.94441864026942,0.09,68.74,68.64999999999999,64.09,30.145,67.765,5.178928571428572,5.556517857142857,51.0,68.74,129.0
data/raw/custom_videos/squat_correct/squat_correct_002.mp4,squat_correct,validation,custom_squat_videos,real,squat_correct,,,False,88.13194029850744,26.9355372118686,60.84,178.09,117.25,72.94,71.44999999999999,98.605,87.67134328358209,23.95985815219283,3.1,173.19,170.09,77.83,75.28999999999999,97.185,102.37701492537312,23.87220234541993,4.58,162.86,158.28,92.14,90.38499999999999,116.09,80.80447761194029,20.08289591441434,40.21,158.23,118.01999999999998,70.87,69.98,88.365,22.048059701492534,5.417722504038398,0.15,31.53,31.380000000000003,24.61,20.015,25.244999999999997,9.710447761194033,23.370746268656713,3.1,31.53,176.9
data/raw/custom_videos/squat_correct/squat_correct_003.mp4,squat_correct,train_like_reference,custom_squat_videos,real,squat_correct,,,False,95.69095238095237,35.37681265149087,49.9,162.09,112.19,91.6,61.01,131.49,98.01714285714284,17.142747888540743,80.74,145.45,64.71,95.88,81.96,106.55,111.30133333333333,24.653027286982393,86.11,164.05,77.94000000000001,102.05,88.43,134.96,91.30304761904762,19.07562064764789,70.96,134.01,63.05,85.38,73.2,109.22,23.954952380952385,6.086517829058477,11.28,42.42,31.14,25.32,20.44,25.96,20.16847619047619,19.998285714285714,49.9,42.42,130.1
data/raw/custom_videos/squat_correct/squat_correct_004.mp4,squat_correct,train_like_reference,custom_squat_videos,real,squat_correct,,,False,91.27931249999999,56.666156677970875,27.68,170.75,143.07,82.57,31.2025,150.055,97.2166875,51.73761710208873,37.39,168.77,131.38,89.205,40.985,149.0025,98.9593125,50.47479429281851,41.02,179.13,138.10999999999999,90.08,45.287499999999994,151.01,92.625,47.511133537308915,38.91,163.28,124.37,80.42,42.572500000000005,148.36,26.578062499999998,19.871655457487524,0.39,48.28,47.89,36.065,2.505,46.32,7.41225,7.4248125,27.68,48.28,152.32
data/raw/custom_videos/squat_correct/squat_correct_005.mp4,squat_correct,train_like_reference,custom_squat_videos,real,squat_correct,,,False,149.05605042016805,35.791529823268164,56.56,179.83,123.27000000000001,163.44,133.585,175.32,123.45630252100838,40.48299993586988,62.92,179.47,116.55,118.92,85.06,166.02499999999998,132.83504201680674,30.512564015719175,46.4,156.6,110.19999999999999,147.81,124.89500000000001,151.32999999999998,112.3309243697479,34.07699342163485,56.67,176.27,119.60000000000001,110.33,79.185,147.94,12.09890756302521,13.09885021510827,0.04,51.09,51.050000000000004,10.04,3.2300000000000004,14.530000000000001,27.291008403361346,26.491008403361352,56.56,51.09,123.44
data/raw/custom_videos/squat_correct/squat_correct_006.mp4,squat_correct,train_like_reference,custom_squat_videos,real,squat_correct,,,False,78.90743362831857,16.087369023128137,66.32,158.97,92.65,74.47,72.18,76.0,78.22946902654866,14.78082043783133,68.49,138.03,69.54,72.65,71.52,73.97,40.1137168141593,19.104490793689777,29.09,148.22,119.13,34.56,31.59,36.62,40.230088495575224,16.537490927793698,30.64,126.58,95.94,35.13,33.51,35.91,66.80300884955751,7.288052276916798,21.82,70.74,48.919999999999995,68.86,67.14,69.96,2.710530973451327,1.6115929203539823,66.32,70.74,113.68
data/raw/custom_videos/squat_correct/squat_correct_007.mp4,squat_correct,train_like_reference,custom_squat_videos,real,squat_correct,,,False,172.3675806451613,8.877514852320651,111.98,179.96,67.98,173.3,170.7175,176.6875,114.8282258064516,35.0488560636202,78.75,179.64,100.88999999999999,100.77,84.05499999999999,142.58499999999998,158.39016129032262,13.423361375570083,88.23,170.72,82.49,161.70499999999998,155.14749999999998,166.3725,104.81564516129033,29.844116112212983,71.56,179.91,108.35,94.66,78.4525,129.11,13.866129032258064,9.226970871701159,0.32,55.45,55.13,14.415,7.04,18.825,58.755806451612905,57.5158064516129,78.75,55.45,101.25
data/raw/custom_videos/squat_correct/squat_correct_008.mp4,squat_correct,train_like_reference,custom_squat_videos,real,squat_correct,,,False,109.99571830985916,47.75156139300522,54.42,179.96,125.54,102.59,58.505,160.585,94.54295774647888,47.318303554245645,42.58,179.88,137.3,67.01,58.945,139.08499999999998,105.94059154929579,50.19562412822357,43.34,179.87,136.53,101.66,50.230000000000004,162.82,88.24492957746479,45.06055265795251,41.33,179.62,138.29000000000002,68.68,48.519999999999996,130.635,34.040140845070425,18.392784124962883,0.2,56.73,56.529999999999994,38.08,16.310000000000002,53.805,18.626450704225356,18.416281690140845,42.58,56.73,137.42000000000002
data/raw/custom_videos/squat_correct/squat_correct_009.mp4,squat_correct,holdout_test,custom_squat_videos,real,squat_correct,,,False,144.48790209790212,22.724234155993667,77.8,179.29,101.49,147.41,130.065,161.17000000000002,139.7830769230769,22.995385588519976,56.9,178.87,121.97,145.83,125.39,154.84,134.19944055944055,23.360199544608978,89.17,179.51,90.33999999999999,136.45,112.635,152.235,128.0325174825175,30.094530424887004,71.93,179.06,107.13,135.21,98.82,153.03,23.015524475524476,8.314798054250469,7.66,47.1,39.44,22.27,16.22,26.770000000000003,16.891258741258742,17.626783216783217,56.9,47.1,123.1
data/raw/custom_videos/squat_correct/squat_correct_010.mp4,squat_correct,development_unassigned,custom_squat_videos,real,squat_correct,,,False,140.66728015075375,46.19459812365443,19.54,180.0,160.46,165.765,112.4925,175.2325,152.53555276381908,33.89263553174077,1.4,180.0,178.6,171.51,138.57,175.8525,140.18623743718592,38.843861807265185,25.36,179.94,154.57999999999998,158.53,117.235,171.14749999999998,151.17034547738695,27.43474694192713,6.06,179.98,173.92,163.755,135.85250000000002,169.5225,12.482242462311556,16.96604590060729,0.01,83.36,83.35,6.05,2.85,14.7375,16.169277638190955,15.872010050251257,1.4,83.36,178.6
data/raw/custom_videos/squat_correct/squat_correct_011.mp4,squat_correct,development_unassigned,custom_squat_videos,real,squat_correct,,,False,163.08846338535415,18.180150400565854,123.63,179.99,56.360000000000014,173.165,147.905,178.61,163.5108223289316,17.76198581127768,123.47,179.99,56.52000000000001,171.27499999999998,149.04500000000002,177.53,161.5765846338535,21.972288673412223,112.06,179.99,67.93,172.74,146.01999999999998,177.9575,161.31975990396157,22.8357241965787,109.87,179.99,70.12,175.74,145.0525,176.895,6.68438175270108,6.908752039972422,0.0,21.26,21.26,3.37,1.455,11.7075,4.928481392557022,2.4946878751500603,123.47,21.26,56.53
data/raw/custom_videos/squat_correct/squat_correct_012.mp4,squat_correct,development_unassigned,custom_squat_videos,real,squat_correct,,,False,116.47102775693924,54.80534605134733,3.13,179.96,176.83,139.73,59.98,163.65,123.81081770442611,53.999890219726026,2.54,179.98,177.44,149.53,68.26,168.9,99.36871717929482,53.80157139202204,0.04,179.83,179.79000000000002,105.94,41.52,151.18,98.69081020255062,54.68392014316724,0.27,180.0,179.73,118.38,41.92,149.9,12.381852963240812,15.406001488473617,0.05,89.31,89.26,5.82,3.44,15.67,19.317839459864967,17.665018754688674,2.54,89.31,177.46
data/raw/custom_videos/squat_correct/squat_correct_013.mp4,squat_correct,development_unassigned,custom_squat_videos,real,squat_correct,,,False,121.52506307821697,49.405681577917,35.7,178.5,142.8,148.24,68.07,167.08,118.00975609756095,49.85019306097394,33.07,179.69,146.62,150.16,63.52,162.8,117.62365012615642,58.76253699891403,7.93,179.99,172.06,156.27,49.36,170.41,118.69613120269135,60.97958446990599,17.66,179.99,162.33,156.19,48.22,176.42,28.20977291841884,27.441980131537285,0.0,87.04,87.04,12.42,1.83,55.96,7.130630782169891,5.879142136248949,33.07,87.04,146.93
data/raw/custom_videos/squat_knee_valgus/squat_knee_valgus_001.mp4,squat_knee_valgus,development_unassigned,custom_squat_videos,real,squat_knee_valgus,,,False,149.3681164610691,54.65800279694756,0.06,180.0,179.94,177.28,160.67,178.96,149.13696201971968,53.521736529239966,0.11,180.0,179.89,175.82,159.65,178.28,143.57353716231154,54.775624162314145,0.03,180.0,179.97,172.24,144.05,175.56,144.2354649157713,52.33560328592725,0.05,180.0,179.95,171.73,141.52,175.27,7.3717915727107926,16.54988923930307,0.0,89.59,89.59,2.01,0.78,4.76,8.290246274925941,7.070296679488881,0.06,89.59,179.94
data/raw/custom_videos/squat_knee_valgus/squat_knee_valgus_002.mp4,squat_knee_valgus,validation,custom_squat_videos,real,squat_knee_valgus,,,False,97.01881355932203,42.502623770844046,62.16,174.28,112.12,67.18,63.864999999999995,140.79,94.49271186440679,42.19708640558454,60.46,169.28,108.82,66.33,61.525,130.17,89.71220338983049,49.289242752118604,48.63,171.28,122.65,56.42,49.655,143.005,90.09847457627116,47.61083379109478,50.75,170.73,119.97999999999999,56.77,52.480000000000004,135.935,40.418305084745775,20.869999240864935,6.25,58.34,52.09,54.19,17.630000000000003,57.72,2.693559322033898,2.6981355932203392,60.46,58.34,119.53999999999999
data/raw/custom_videos/squat_knee_valgus/squat_knee_valgus_003.mp4,squat_knee_valgus,development_unassigned,custom_squat_videos,real,squat_knee_valgus,,,False,103.20463217461601,44.037123241755594,3.89,180.0,176.11,93.69,73.78,140.5,88.54881972514147,45.50746658003033,0.73,179.93,179.20000000000002,78.1,56.44,110.87,104.75047696038803,42.82430180677022,1.27,179.27,178.0,98.26,76.47,148.78,89.3885044462409,42.840552279240285,0.65,179.95,179.29999999999998,73.73,63.52,116.56,18.320072756669358,15.451466423187188,0.0,89.67,89.67,13.0,8.18,24.54,35.889232012934514,34.09763945028294,0.73,89.67,179.27
data/raw/custom_videos/squat_knee_valgus/squat_knee_valgus_004.mp4,squat_knee_valgus,development_unassigned,custom_squat_videos,real,squat_knee_valgus,,,False,155.07743927542197,42.9337149092017,0.61,180.0,179.39,175.965,159.845,178.67,159.6123219431865,35.028400896584714,2.21,180.0,177.79,176.1,168.54,178.62,160.98879580074106,25.86679039818011,0.47,179.99,179.52,173.4,158.08,177.4,159.03560518731987,31.981509199623797,7.6,179.98,172.38,174.79,160.4125,177.05,4.502966241251545,7.883284839411598,0.0,69.25,69.25,1.31,0.52,3.98,8.21039522437217,8.761745574310416,0.61,69.25,179.39
data/raw/custom_videos/squat_shallow_depth/squat_shallow_depth_001.mp4,squat_shallow_depth,validation,custom_squat_videos,real,squat_shallow_depth,,,False,172.82647058823528,4.753177546331514,161.25,179.99,18.74000000000001,173.19,168.845,176.5,150.005462184874,30.44695960446844,94.37,179.65,85.28,169.93,118.16,174.555,149.98999999999998,7.290999285985106,135.05,164.16,29.109999999999985,150.78,143.325,156.285,132.80226890756305,24.592518860980643,86.38,159.25,72.87,145.59,110.4,152.5,6.979411764705884,4.525622533734424,0.05,16.99,16.939999999999998,6.89,3.23,9.0,25.32605042016807,26.675798319327733,94.37,16.99,85.63
data/raw/custom_videos/squat_shallow_depth/squat_shallow_depth_002.mp4,squat_shallow_depth,holdout_test,custom_squat_videos,real,squat_shallow_depth,,,False,163.4402702702703,5.474018478716739,156.75,174.95,18.19999999999999,163.04,158.09,168.05,120.79135135135134,24.49803181969348,93.96,175.73,81.77,113.38,99.17,135.06,166.85351351351352,5.962613800247208,154.86,173.51,18.649999999999977,167.48,162.12,173.32,118.54351351351353,16.139930542771644,101.54,154.09,52.55,113.37,104.15,128.91,5.012972972972974,2.670990164476275,0.3,8.0,7.7,5.53,3.01,7.65,42.85216216216217,48.309999999999995,93.96,8.0,86.04
data/raw/custom_videos/squat_trunk_lean/squat_trunk_lean_001.mp4,squat_trunk_lean,validation,custom_squat_videos,real,squat_trunk_lean,,,False,173.229010989011,7.919122225603988,122.65,179.94,57.28999999999999,175.32,170.79000000000002,177.67000000000002,153.73571428571427,26.288536763181334,91.97,179.74,87.77000000000001,162.5,134.62,175.195,165.4768131868132,11.438453929870077,105.4,179.86,74.46000000000001,167.34,157.79500000000002,174.125,126.71824175824175,36.20524825635353,50.91,165.48,114.57,143.82,94.59,158.32999999999998,13.637912087912087,13.456348844023466,0.0,39.95,39.95,9.06,1.51,25.045,21.049780219780217,41.13153846153846,91.97,39.95,88.03
data/raw/custom_videos/squat_trunk_lean/squat_trunk_lean_002.mp4,squat_trunk_lean,train_like_reference,custom_squat_videos,real,squat_trunk_lean,,,False,139.47716049382714,42.36494871460989,0.28,172.23,171.95,152.08,139.83,163.82,116.45530864197532,45.67461055768399,18.93,176.78,157.85,118.92,78.66,163.36,114.49419753086423,37.636190616335355,10.03,179.46,169.43,116.07,85.31,143.22,71.0737037037037,40.565714905431555,22.3,162.27,139.97,65.1,35.1,99.52,54.647283950617265,24.717302132753915,1.23,88.98,87.75,58.22,44.74,73.69,28.341358024691353,48.13135802469136,0.28,88.98,179.72
data/raw/custom_videos/squat_trunk_lean/squat_trunk_lean_003.mp4,squat_trunk_lean,train_like_reference,custom_squat_videos,real,squat_trunk_lean,,,False,100.62454081632653,55.691514992286656,42.85,179.34,136.49,65.67,48.3675,161.5125,115.07867346938777,50.33191699755216,57.6,179.93,122.33000000000001,95.16,67.03750000000001,175.5125,100.73525510204082,56.42650245245186,40.77,171.9,131.13,71.18,47.7425,167.3025,110.01469387755103,46.01619218572562,60.13,178.92,118.78999999999999,99.91499999999999,63.305,156.815,31.883928571428573,23.703947905381085,0.36,58.43,58.07,42.325,5.1000000000000005,54.7275,14.511581632653064,16.459336734693878,42.85,58.43,137.15
data/raw/custom_videos/squat_trunk_lean/squat_trunk_lean_004.mp4,squat_trunk_lean,holdout_test,custom_squat_videos,real,squat_trunk_lean,,,False,169.7176119402985,13.453077780190577,132.17,179.98,47.81,176.52,167.435,178.28,158.06805970149253,27.01739551500748,101.66,179.73,78.07,170.9,134.27,178.165,150.17761194029853,9.027627262944756,128.21,178.38,50.16999999999999,147.94,144.89499999999998,153.93,124.87492537313435,35.7531713392718,50.91,154.85,103.94,143.67,94.32,152.265,12.212835820895522,14.765896448515042,0.05,46.62,46.57,3.21,2.15,25.810000000000002,12.612238805970149,30.64776119402985,101.66,46.62,78.34
